CustomerID,FirstName,LastName,Email,PhoneNumber,AddressLine1,AddressLine2,City,State,PostalCode,Country,DateOfBirth,JoinDate
1,Lindsay,Kennedy,zabbott@example.org,360.430.3914x81642,903 Emily Stream,Apt. 993,Lake Robert,New Hampshire,97061,Norfolk Island,1994-08-25,2024-03-29
2,Michelle,Morales,tking@example.net,6286137418,827 Brian Villages,Apt. 388,East Catherine,Missouri,05062,Trinidad and Tobago,2000-04-30,2021-02-23
3,Melissa,Middleton,yvette09@example.org,(207)717-7846,1403 Ronnie Inlet Apt. 797,Apt. 953,Lake Amyport,Hawaii,91733,Bouvet Island (Bouvetoya),1986-12-24,2024-06-16
4,William,Gonzalez,james19@example.org,8037334542,570 Cameron Lake Apt. 083,Apt. 502,Desireemouth,Delaware,27455,Sierra Leone,1960-05-25,2020-07-03
5,Tina,Bell,morganjonathan@example.org,278-495-0246x8113,30962 Anthony Coves,Suite 888,Amandahaven,South Carolina,55603,Puerto Rico,1996-01-31,2022-09-20
6,Sheila,Williams,timothygonzalez@example.com,7616161525,1375 Rebecca Trafficway,Suite 200,Lake Anthony,Nevada,66308,Sierra Leone,1982-01-04,2021-04-04
7,Jeffery,Jones,collinsjanice@example.net,(225)488-6899x132,32703 Carlos Park,Suite 577,Kimberlytown,Mississippi,80904,Israel,1965-06-08,2024-01-06
8,Randy,Foster,aliciabest@example.net,001-534-661-3879x63953,12496 Robert Flat Apt. 358,Suite 118,West Amyborough,West Virginia,09429,Togo,1971-03-13,2023-04-30
9,Amanda,Rojas,wilsonantonio@example.com,269-232-5226x122,252 Sullivan Ridges Apt. 955,Suite 635,Seanbury,Mississippi,89593,Angola,2001-05-30,2022-04-23
10,John,Payne,smorris@example.com,001-657-957-5911x05564,946 Kyle Circles Apt. 426,Apt. 918,New Diane,Tennessee,40330,Venezuela,1967-05-10,2020-08-01
11,William,Roberts,wwalter@example.org,+1-572-640-5646,5924 Gregory Valleys Suite 222,Suite 455,West James,New Mexico,86390,Oman,1967-09-16,2021-11-08
12,Allison,Nguyen,jacobsmegan@example.org,740.888.3553x615,3474 Jordan Estate Suite 357,Suite 499,Lisaberg,North Carolina,03639,Liberia,1957-01-21,2024-04-15
13,Kayla,Bradley,jjones@example.com,498.922.3560,697 Russell Forest Apt. 235,Suite 786,Port Rickyberg,Virginia,56815,French Polynesia,1969-02-07,2020-09-13
14,Timothy,Mckay,davidsonalicia@example.org,001-464-790-9461x2422,7056 Shaw Island Apt. 948,Apt. 984,North Johnborough,New Jersey,56609,Afghanistan,2000-05-04,2023-04-25
15,Richard,Rocha,zscott@example.com,+1-352-339-8916x879,21560 Robin Shoals Suite 042,Suite 966,Lake Caleb,Illinois,97150,Saint Helena,1959-10-28,2022-02-22
16,John,Adams,heather29@example.net,696-687-3460,98705 Richard Walk,Suite 814,Weavertown,Oregon,21851,Tajikistan,1995-08-12,2020-07-23
17,Kenneth,Jackson,michaelpowell@example.net,393.340.9723x96936,513 Jonathan Ramp Suite 569,Apt. 803,Christinaland,Kansas,64320,Algeria,1961-07-30,2021-05-13
18,Joseph,Macias,morganelizabeth@example.org,(737)607-9388x59992,6546 Jessica Squares Apt. 584,Apt. 861,East Brianview,North Carolina,63920,Grenada,1970-04-21,2021-06-29
19,Jessica,Carrillo,corey14@example.com,935.502.0572x881,09501 Armstrong Springs,Suite 044,Valerieland,South Dakota,27580,Uruguay,1970-05-03,2020-07-15
20,Amanda,Jones,bobby31@example.net,(850)686-3733x03259,40523 Dougherty Mountain,Apt. 675,North Zachary,Pennsylvania,54682,Nauru,1994-08-27,2021-01-30
21,Roger,Jones,dbates@example.org,605-826-9652x1529,087 William Tunnel,Suite 199,West Michelleport,Michigan,26360,Nauru,1981-03-31,2021-08-13
22,Diane,White,kristenmiller@example.org,(285)725-4507,673 Diaz Mountain Apt. 967,Apt. 437,Evansview,Wisconsin,50911,Austria,2000-07-04,2021-03-01
23,Martha,Foster,gregrivera@example.com,710.348.8432,3230 Nicholas Lights Apt. 911,Suite 604,North Lisa,Oklahoma,95722,Tunisia,1983-08-25,2023-01-31
24,Jonathan,Smith,wirwin@example.net,986-546-2417,62770 Singleton Stream Apt. 266,Apt. 682,Walshtown,West Virginia,93094,Guernsey,1958-05-03,2022-05-05
25,Samantha,Brown,susan00@example.net,(415)915-0671,9164 Serrano Glen Suite 507,Suite 899,Johnport,Massachusetts,61370,Iraq,1985-05-04,2024-04-25
26,Andrew,Hoover,greenebonnie@example.com,9004760412,1764 Petty Coves Suite 189,Apt. 635,South Michael,Nebraska,91272,Saint Kitts and Nevis,1992-04-13,2023-07-03
27,Lynn,Callahan,sprice@example.com,757.566.4827x027,4155 Bird Street Suite 001,Apt. 388,Amberside,New York,35383,South Georgia and the South Sandwich Islands,1986-10-15,2023-12-12
28,Caroline,Grimes,jessicapowers@example.org,376.716.1486x62925,54365 Sandra Spurs,Suite 140,West Amber,Vermont,75567,Panama,1993-07-17,2024-04-13
29,Teresa,Jones,geraldboyle@example.net,280-818-8853,48603 Cook Vista,Suite 746,Kennethtown,Florida,60415,China,1973-05-10,2021-01-07
30,John,Jones,laurenyoung@example.org,+1-567-877-9946x52078,03939 Curtis Curve,Suite 838,Katiemouth,South Dakota,53463,Saudi Arabia,1964-01-06,2020-05-05
31,James,Bird,rebeccakramer@example.net,728.447.2077x3804,337 Erin Junctions Suite 254,Apt. 877,East Jeffery,Minnesota,90280,Mongolia,1998-11-29,2021-08-13
32,Richard,Cummings,shawn16@example.net,(481)331-0939,7984 Timothy Dale,Suite 386,Walshberg,Michigan,51751,Cook Islands,1984-04-18,2021-05-15
33,Jonathan,Barry,aaroncopeland@example.org,+1-219-913-7805x978,66405 Troy Corners,Apt. 049,West Leah,Louisiana,75486,Niue,1967-05-19,2024-06-11
34,Krystal,Gomez,michael06@example.org,294-991-2464x14022,3525 Clinton Meadow,Apt. 401,Ashleybury,Delaware,90369,Uruguay,1963-01-10,2020-08-30
35,James,Mcdonald,crossdaniel@example.net,570.357.1575x2184,35640 Joseph Rue Apt. 280,Suite 965,North Caitlinton,Kentucky,05399,Vietnam,1973-08-19,2022-07-06
36,Daniel,Gates,hbaldwin@example.net,6102251358,0100 Lisa Trafficway Suite 642,Suite 013,New Douglasfurt,Nebraska,60338,Maldives,1979-07-23,2020-03-02
37,Miguel,Cooper,crystalward@example.com,352.596.7957x13951,3911 Victoria Tunnel,Apt. 677,Port Samanthastad,Missouri,59608,Pakistan,1988-12-14,2024-01-18
38,Carlos,Reilly,ariana09@example.net,(801)930-4356x8545,290 Dylan Oval Apt. 881,Suite 019,Darrenport,Nebraska,29307,Suriname,1990-01-11,2021-05-09
39,Scott,Glass,rjohnson@example.net,705-548-7872,5905 Stacey Harbors,Suite 405,East Rachelfurt,Maryland,38195,Greece,1966-12-12,2022-07-29
40,Sandra,Jimenez,dominique01@example.net,+1-791-614-0368x79582,5056 Rachael Summit,Apt. 255,Carolborough,North Carolina,42625,Thailand,1971-10-30,2020-05-19
41,Marcus,Ruiz,flowerspatricia@example.org,9602753985,0783 Sims Wells,Apt. 383,Robersonchester,Massachusetts,26134,Mauritius,1987-05-01,2020-04-11
42,Christy,Williams,fblair@example.net,9666759785,8575 Callahan Plains,Apt. 528,Harrisborough,Texas,07364,Somalia,2001-01-13,2024-02-06
43,Janet,Cox,lpratt@example.org,4783191416,1117 Lisa Loaf,Suite 958,South Jasonmouth,Missouri,17114,Congo,1954-01-16,2023-05-06
44,Mercedes,Gonzalez,jarvislinda@example.org,721.737.0296x93244,3837 James Islands Apt. 130,Apt. 638,Erikfort,Mississippi,95280,Trinidad and Tobago,1991-02-26,2021-11-08
45,Bradley,Gardner,crystalhaley@example.net,377-420-2565,9560 Tina Row Apt. 080,Apt. 215,North Trevor,Minnesota,52589,Dominica,1968-06-17,2020-01-02
46,Amy,Ponce,obenson@example.com,484.875.6073x39871,08980 Pope Junctions,Apt. 647,East Geraldhaven,Kentucky,95092,Malta,1956-10-25,2024-07-11
47,Michael,Hernandez,carolrodriguez@example.com,518-614-3064x121,70733 James Lake Apt. 118,Apt. 991,South Sharon,Washington,34117,United Arab Emirates,1986-06-29,2020-06-15
48,Cindy,Roman,ysellers@example.net,+1-970-753-5776x7444,2500 Ford Forges Apt. 488,Suite 681,New Lisa,Mississippi,07274,Bhutan,1983-09-02,2021-01-01
49,Rhonda,Sharp,brianrollins@example.com,(555)371-3196x2069,209 Alexis Circles Suite 335,Apt. 692,South Erika,Alaska,38862,Micronesia,1987-01-17,2021-02-22
50,Taylor,Kennedy,hwise@example.net,(588)201-9201,43054 Emily Courts Suite 758,Apt. 201,Lake William,Maine,95656,Uzbekistan,1958-07-25,2024-05-22
51,Michael,Fields,townsendparker@example.net,440-640-2476x78783,56969 Daniel Roads,Apt. 552,New Johnchester,Arkansas,99940,Mongolia,1981-11-24,2023-03-03
52,Nicole,Franklin,michellewilson@example.net,648.241.9792,6733 Derrick Ports,Suite 021,Strongside,Ohio,78097,Sao Tome and Principe,1982-07-16,2020-12-01
53,Suzanne,Ferguson,joshuablack@example.net,677.799.5789,7400 Ryan Spurs Suite 171,Apt. 885,Sandovalchester,Arizona,88029,Syrian Arab Republic,1982-11-24,2023-05-23
54,Jennifer,Wilson,sarah08@example.net,9973529016,825 Jessica Orchard,Suite 132,Walkermouth,Indiana,67072,Burkina Faso,2001-10-10,2023-02-08
55,Rebecca,Higgins,gallegosalbert@example.net,(420)965-0058x578,330 Griffin Lodge,Suite 445,Maureenbury,Mississippi,61893,Guyana,1969-08-16,2021-07-21
56,Martin,Johnson,kenneth17@example.net,620.210.4863,270 Sherry Corners Suite 207,Apt. 177,Bartonside,Minnesota,60069,Ecuador,1972-06-08,2023-09-11
57,Ernest,Martinez,joshua55@example.org,001-413-718-5898x278,7667 Daugherty Ranch,Apt. 054,Josemouth,North Dakota,22795,Greenland,1973-03-24,2020-05-04
58,Angela,Williams,allison60@example.net,+1-736-836-8160x7742,66695 Katherine Mall,Apt. 661,Port Markfort,Nevada,23121,Honduras,1988-09-08,2023-02-15
59,Steven,Chen,peterbishop@example.org,001-880-480-6237,563 Thomas Falls,Suite 352,Vangborough,Massachusetts,79376,South Africa,1998-07-09,2022-02-25
60,Christian,Ruiz,adam74@example.net,6918763799,822 Combs Harbors Apt. 117,Suite 353,West Ericview,New Jersey,21964,Myanmar,1959-12-16,2023-01-11
61,Michael,Thomas,kevin86@example.net,825-776-8788x71738,4080 Chris Vista,Apt. 389,North Melissaton,Rhode Island,46624,Saint Kitts and Nevis,1967-11-30,2022-06-11
62,Lisa,Macias,victoria14@example.com,(469)904-0019x88578,692 Jeanne Spring Suite 187,Apt. 787,Smallfort,Florida,56736,Pakistan,1994-10-02,2020-12-03
63,Jeremy,Mosley,gregory74@example.net,(665)444-6105,07382 Jacqueline Square Apt. 555,Suite 960,Jacobborough,Hawaii,13682,Argentina,1994-10-27,2024-04-21
64,Charles,Grant,stephanie36@example.com,+1-474-409-0883x0919,0663 Arroyo River,Apt. 942,Port Jackshire,Arizona,47810,United States Minor Outlying Islands,1964-07-05,2022-03-21
65,Stacey,Davis,amandamcdaniel@example.com,001-861-458-9402x506,83184 Michael Haven,Apt. 767,Samanthaburgh,Indiana,21648,Iraq,1972-02-22,2020-03-29
66,April,Bender,ztucker@example.com,558.657.0623,536 Williams Crescent Apt. 496,Suite 691,Darrenshire,South Dakota,04057,Cape Verde,2000-09-12,2021-03-08
67,Jamie,Turner,danielle11@example.com,763-625-4647,49101 Kelsey Turnpike Suite 666,Apt. 332,Port Danamouth,Minnesota,24882,French Guiana,1995-04-20,2020-08-19
68,Wyatt,James,dominique55@example.org,001-219-699-5578x2126,099 Solomon Avenue,Suite 671,Lake Michaelland,South Carolina,15966,Cook Islands,1972-04-27,2020-03-15
69,Allison,Davis,richardking@example.com,312.452.9770,5918 Thomas Stream,Suite 604,Rossberg,Kentucky,76179,Dominica,1995-09-03,2020-12-06
70,Tanya,Carr,susanhuffman@example.com,318-692-1860,32470 Gabriel Cove Apt. 497,Apt. 710,Tomtown,Florida,26951,Guam,1969-12-07,2020-09-30
71,Joy,Gibson,dwelch@example.net,001-533-214-5681,954 Nicole Forest Suite 012,Apt. 553,Port Heather,Hawaii,37818,Germany,1970-10-11,2021-11-20
72,Duane,Clark,michaelhernandez@example.org,549.661.4339x4096,470 Hall Well Suite 032,Suite 576,Dannyburgh,Delaware,01019,Cocos (Keeling) Islands,1985-11-21,2023-01-04
73,Laura,Pittman,burnettdawn@example.org,868-808-9179,837 Jason Valley Apt. 590,Suite 874,South Matthew,Montana,07238,Italy,1957-07-20,2021-01-16
74,Anna,Sloan,wilsondennis@example.com,+1-767-892-8841x169,353 Kara Crescent Apt. 879,Suite 424,Lambchester,Alaska,59149,Spain,2001-08-24,2024-03-15
75,Seth,Smith,patrick41@example.net,+1-549-517-1973,4834 Lisa Plaza,Suite 867,Bennettview,Louisiana,97125,Belarus,1977-01-01,2024-01-29
76,Rodney,Olson,samanthapatterson@example.org,001-511-715-6628x23216,89124 Alexis Falls Suite 828,Apt. 059,East Jermaineshire,Minnesota,83645,France,1962-04-23,2020-08-14
77,Albert,Porter,daltonjones@example.com,001-266-245-0912,93162 Michelle Ports Suite 127,Apt. 588,Brianport,Louisiana,57354,Tuvalu,1975-09-15,2023-01-11
78,Julie,Koch,kwagner@example.org,+1-765-793-1367,1135 James Mountains,Suite 410,South Philipfurt,Delaware,94590,South Africa,1987-09-13,2020-08-17
79,Dylan,Scott,morganjoseph@example.com,001-219-859-1700x1498,2888 Melissa Squares Apt. 935,Suite 380,Sharonfurt,Indiana,87036,Ukraine,1979-04-17,2021-03-23
80,Brittney,Lin,maria80@example.com,(737)732-9623x115,842 Scott Path Apt. 400,Suite 744,Lake Brandonview,Indiana,39029,Mongolia,1956-08-22,2020-12-07
81,Joshua,Mann,lpratt@example.com,(983)708-3057,516 Suzanne Knoll Suite 643,Suite 475,Port Melissa,Alabama,38555,Mali,1957-11-01,2023-11-18
82,Chad,Thompson,tinaporter@example.com,364.492.2554,123 Kristy Court Apt. 091,Suite 273,Johnberg,Iowa,84765,Hungary,1987-10-30,2020-10-16
83,Peter,Gray,russellpadilla@example.com,001-698-272-9134x37653,154 Colleen Knoll Suite 297,Suite 029,South Benjaminfort,New Mexico,52584,United States Minor Outlying Islands,1966-07-11,2023-06-01
84,Christina,Hardy,shenry@example.com,+1-888-247-7204,4923 Jacob Crescent,Suite 682,Pamelaland,West Virginia,01329,Italy,1953-09-01,2020-12-03
85,Miguel,Lee,schneideramanda@example.org,(677)673-0171,5233 Bowen Road Suite 885,Apt. 393,East Cristian,Kansas,12891,Cocos (Keeling) Islands,2001-05-08,2021-08-14
86,Jeffrey,Roberts,paulwilliams@example.org,371.206.9245,3122 Amy Springs Suite 431,Suite 503,Virginiatown,Delaware,29299,Turkey,1961-04-27,2020-09-21
87,Jennifer,Rojas,jacobwatkins@example.com,268-704-6454x587,8139 Charlotte Forks Suite 708,Apt. 809,East Bianca,Mississippi,24976,Swaziland,1975-12-13,2020-07-26
88,Andrea,Bishop,karinawhite@example.net,394.528.2042x227,932 Derek Spur Suite 478,Apt. 373,New Darlene,Michigan,25070,Marshall Islands,1992-04-20,2022-09-29
89,Christopher,Olson,pyoder@example.net,(750)409-1509,864 Rodney Hills Suite 015,Suite 543,West William,Massachusetts,83525,Finland,1977-09-16,2023-09-15
90,Jennifer,Stephenson,nelsonwilliam@example.org,001-736-484-2887x052,305 Guzman Inlet,Suite 472,South Elizabeth,Ohio,92543,Brazil,1967-12-19,2024-06-25
91,John,Caldwell,ortizjustin@example.org,(960)611-5176,01988 Fuller Way Suite 471,Suite 688,Obrienchester,Michigan,72364,United Kingdom,1981-11-12,2023-05-20
92,Anne,Arroyo,xedwards@example.org,001-890-843-1036x268,18526 Rodney Common Suite 915,Suite 412,Lake Moniqueberg,Missouri,28174,Gabon,2001-11-04,2020-08-25
93,Amanda,Boyle,erin99@example.org,908.687.6093x68213,029 Paul Flat Apt. 377,Suite 394,North Robinstad,Illinois,09144,Saint Helena,1959-07-24,2022-07-22
94,Samuel,Edwards,walterburns@example.net,6474446436,54141 Bethany Shore Apt. 050,Apt. 922,Rachaelstad,Maine,29826,Guinea,1988-07-15,2021-11-14
95,Billy,Savage,zgonzales@example.net,001-245-430-0832x37320,705 Sarah Lights Apt. 547,Suite 507,Amberside,Rhode Island,25958,Bahrain,1976-04-25,2023-05-13
96,Richard,Martin,amycarter@example.com,(576)994-1423,79370 Marks Walks Suite 177,Apt. 713,Gardnertown,Indiana,85950,North Macedonia,1959-12-05,2022-02-09
97,Eric,Wallace,johnstonkatherine@example.com,(353)263-0107,7506 Nicole View,Suite 805,South Anthonyhaven,Missouri,33607,Iceland,1970-10-06,2021-11-26
98,Angela,Washington,kimberlyhunter@example.org,518-615-3659,98917 Maynard Heights Suite 833,Suite 892,South Amyberg,Arkansas,71914,Bulgaria,1963-11-30,2021-08-27
99,Diana,Schultz,olsoncourtney@example.net,(968)536-4947x21458,614 Nicholas Way Apt. 329,Apt. 015,Lake Ryanview,Idaho,04863,Namibia,1960-02-11,2020-11-22
100,Matthew,Payne,christine59@example.net,732.991.0948,315 Sheila Fall,Suite 359,Lake Scottbury,Mississippi,23072,Swaziland,1969-02-20,2021-09-02
101,Erica,Mccarthy,ericabryan@example.com,(737)487-2795,359 Woodward Fords,Apt. 748,Loweberg,Wisconsin,83096,Uzbekistan,2002-02-27,2021-02-03
102,Mathew,Casey,ycummings@example.org,+1-893-824-8694x180,80556 Nichols Glens,Suite 495,Lake Ashleyton,West Virginia,65122,Ghana,2000-10-05,2022-05-09
103,Brandon,Thompson,arellanoeric@example.com,908.787.2997x219,063 Ryan Island Suite 402,Suite 741,Eatonville,Arizona,65005,Estonia,1975-07-17,2020-12-19
104,Ruben,Franklin,doylejoseph@example.net,001-443-981-2175,14188 Jackson Garden Suite 900,Suite 182,North Francesmouth,Maine,70986,Moldova,1999-06-12,2021-11-08
105,Tara,Brooks,philiplawson@example.com,862.443.0490x885,3883 Reed Lock,Apt. 623,New Gregorystad,Colorado,82265,Tonga,1993-12-31,2020-01-23
106,Christina,Walters,bwatkins@example.org,+1-765-565-1449x900,249 Eric Club,Suite 830,Kristenmouth,Montana,96624,Liberia,1992-03-07,2023-02-08
107,Kristin,Howard,carrierobinson@example.org,+1-809-214-6839x7673,7818 Mark Shores,Suite 740,East Latoya,Ohio,28423,Guyana,1956-01-19,2023-04-13
108,Joshua,Hoffman,wallercynthia@example.com,257.463.3830x69894,638 Green Cape,Apt. 486,South Amy,Hawaii,57509,Korea,1989-04-11,2022-02-03
109,Mary,Myers,jrobinson@example.org,918.715.0103x8210,56339 Matthew Cape Suite 159,Suite 337,West Candiceville,Arizona,95702,Mexico,1965-10-06,2021-12-17
110,Jeremy,Walker,allison85@example.com,354.425.5548x58274,90427 Ferrell Way Suite 411,Suite 681,North Alexandra,New Mexico,90628,Croatia,1997-01-24,2021-01-27
111,Jamie,Higgins,rachel95@example.net,(747)374-2675,3415 Brown Row Apt. 451,Apt. 517,Florestown,South Carolina,25708,Congo,1980-03-19,2022-07-27
112,Courtney,Brown,adammoses@example.com,001-851-693-2513x495,0188 Mccall Green Suite 047,Suite 103,Port Charlesport,Hawaii,11953,Madagascar,2000-01-19,2021-09-17
113,Austin,Burnett,qgonzales@example.org,691-361-6412,3147 Thompson Glens,Suite 586,East Robertfort,Maryland,91641,Paraguay,1980-07-28,2021-10-02
114,Ariel,Miller,mckenzie62@example.net,414-291-6280x66110,414 Martinez Tunnel Suite 692,Apt. 731,Jimenezville,Michigan,47947,Kazakhstan,1970-07-22,2021-03-28
115,Austin,Barnett,garciawilliam@example.com,+1-888-591-4155x904,03028 Singh Spurs,Apt. 944,Lynnstad,South Carolina,47011,Western Sahara,1974-03-31,2021-11-12
116,Douglas,Harrison,mark07@example.com,229.864.6435,23038 Patrick Stravenue,Apt. 368,New Joshua,Minnesota,98940,Falkland Islands (Malvinas),1968-07-18,2022-08-21
117,Jennifer,Miller,christyschultz@example.org,(581)876-1830,4901 Valentine Station Apt. 313,Apt. 155,New Joshuaville,Maine,22976,Italy,1992-11-20,2021-11-19
118,Katie,Castro,jamessusan@example.net,(956)577-3893x75463,4547 Karen Road Apt. 392,Apt. 343,Alexanderborough,Iowa,45841,Niue,2000-04-29,2020-12-07
119,Mary,Wilson,roberthardy@example.com,001-667-757-8025x372,3900 Stuart Glen Suite 617,Suite 927,Jonesburgh,Idaho,31750,Japan,1970-08-02,2024-04-26
120,Lisa,Wallace,rebeccamartin@example.com,620.229.9091,474 Jennifer Ranch Suite 705,Apt. 897,East Kimberlyland,Wisconsin,48742,United States Minor Outlying Islands,1956-09-13,2024-08-02
121,Samantha,Bullock,anthonygarcia@example.com,(443)349-3490x107,3012 Martin Parkways Suite 027,Suite 043,Port Christina,Missouri,25651,Bulgaria,1968-09-22,2021-01-17
122,Sarah,Gilbert,njackson@example.com,001-745-598-8617x7470,57678 Mclaughlin Cove Suite 657,Apt. 799,Lake Ian,Nebraska,33447,Moldova,1978-01-06,2020-03-16
123,Ian,Webb,racheldurham@example.net,867-470-4888x4586,104 Charles Bypass,Apt. 564,Calebmouth,Virginia,02870,Honduras,1991-11-06,2021-01-08
124,Jeffrey,Lawrence,william50@example.net,981-472-0402,22861 Jessica Plaza Apt. 239,Suite 523,Rosebury,Idaho,45789,Guatemala,1967-07-06,2023-04-26
125,Zachary,Alexander,howardlance@example.org,001-498-697-1484x51657,428 Kelly Vista Apt. 103,Suite 902,South Christinaland,Missouri,55458,Seychelles,1978-06-09,2023-09-29
126,Jennifer,Clark,wendystevens@example.com,5142408899,3492 Martha Lodge,Suite 813,Margaretmouth,Arizona,41045,Bangladesh,1997-03-09,2022-12-22
127,Christopher,Cobb,andrew73@example.org,389.302.3076x56781,754 Maria Row,Apt. 609,Pamelaborough,Wyoming,09022,Timor-Leste,1974-04-19,2022-10-25
128,Angela,Mcmillan,dennisbrandi@example.net,962.572.4023,02711 Lisa Divide,Apt. 159,Lake Christopherberg,Wyoming,25080,Mauritania,1996-04-24,2020-06-10
129,Natalie,Reynolds,russellpeter@example.org,(260)408-2418x84574,00975 Rivera Underpass Suite 515,Suite 059,Davidburgh,Michigan,39338,Benin,1956-09-11,2024-06-22
130,Mason,Clark,gbarrett@example.com,(821)222-8775,78490 Stacy Walk Apt. 704,Suite 455,Carlaton,Alabama,02855,Eritrea,1960-05-09,2020-12-09
131,Linda,Olson,elizabeth65@example.com,(586)226-8112,67941 Sosa Extensions Apt. 906,Suite 542,Lawrenceburgh,Delaware,27414,Anguilla,1989-09-18,2023-08-30
132,Katherine,Cole,david43@example.com,265.499.7328x77067,680 Foster Shoals,Apt. 511,North Jeffrey,Kentucky,89163,Dominica,1958-02-01,2020-07-13
133,Ashley,Lucero,josespencer@example.net,982-325-0805x0914,1812 Andersen Via,Suite 358,Port Andrea,North Carolina,03747,Niger,2002-12-16,2022-04-15
134,Tiffany,Tate,linda91@example.net,001-698-745-6463,9916 Young Gardens,Apt. 552,Bryanton,Oregon,75875,Dominican Republic,1953-08-24,2023-02-18
135,Shawn,Cox,lowerymichael@example.com,790.278.4667,175 Kim Harbor,Suite 882,Levinefort,Ohio,61734,Solomon Islands,1955-04-28,2021-10-17
136,Veronica,Simmons,mwarren@example.org,643-305-6882x741,07023 Moreno Creek Suite 153,Apt. 704,Cynthiaburgh,Indiana,63897,Switzerland,1956-07-24,2022-03-29
137,Joseph,Barrett,fuenteschristopher@example.net,799-814-0819x72970,71448 Kennedy Field,Suite 180,North Gregory,Oklahoma,50750,Pakistan,1960-01-19,2022-12-25
138,Eric,Johnson,zhampton@example.com,449-279-5589x8333,947 Moody Flat Suite 603,Suite 543,Michelleton,New Hampshire,84231,Saint Barthelemy,1996-04-05,2023-12-03
139,Amanda,Hartman,laurabaker@example.net,(986)976-9686,146 Dixon Port Apt. 378,Apt. 213,New Johnburgh,Iowa,34361,Poland,1990-03-06,2022-09-27
140,Robert,Beck,emily99@example.com,001-426-521-8532x835,220 Debra Squares,Apt. 130,Melissastad,North Carolina,79495,Latvia,1966-03-18,2022-04-21
141,Samuel,Nelson,markbaker@example.org,554-583-1609,3778 Jonathan Keys,Apt. 694,New Michael,Colorado,92557,Puerto Rico,1995-04-30,2024-03-18
142,Elizabeth,Stevenson,kclayton@example.com,(540)968-1390x321,3396 Fitzgerald Shores,Apt. 069,West Kristabury,Texas,44442,Papua New Guinea,1965-05-06,2022-11-03
143,Kyle,Mcdaniel,ortizjames@example.com,+1-875-894-3423x1028,02206 Murphy Knoll Suite 378,Suite 211,Richardshire,Montana,38407,Hungary,1995-11-21,2022-07-30
144,Eric,Bowman,vdavis@example.org,(405)576-2673,368 Craig Mountains Suite 909,Apt. 878,Thomasland,Virginia,45605,Libyan Arab Jamahiriya,1993-10-09,2021-03-22
145,Alicia,Phillips,turnerryan@example.org,001-750-231-8702x779,616 Cain Road Suite 248,Apt. 752,Christensenmouth,Kansas,87789,Sri Lanka,1978-05-09,2021-09-23
146,Nicole,Stephenson,jerrycameron@example.org,(639)920-3379x6241,9509 Tucker Bridge,Apt. 555,North Beth,Massachusetts,01447,Barbados,1963-01-08,2022-02-13
147,James,Scott,james88@example.org,971-544-6166,32524 Torres Spur,Apt. 389,North Phillip,Georgia,80384,Poland,1965-11-30,2021-11-05
148,Erin,Hale,lgreen@example.org,+1-436-604-5990,88626 Collins Wall,Suite 134,Michaelport,Wyoming,11399,Saint Lucia,1984-11-22,2021-04-08
149,Jamie,Johnson,bradleymendez@example.org,789-918-3486,80758 Stephanie Place,Suite 795,North Scott,Oklahoma,78420,New Caledonia,1993-01-09,2021-09-09
150,Amy,Jackson,uatkinson@example.com,+1-271-812-5805x843,691 Dawn Via,Suite 338,Rodriguezmouth,Nevada,60959,Senegal,2003-07-02,2020-09-11
151,Kyle,Miller,andrea27@example.org,001-743-642-5949x0083,14974 Phillip Junction,Apt. 919,Cynthiafurt,Montana,97658,Honduras,1964-06-16,2023-10-18
152,Melissa,Sanders,lisa31@example.com,861-287-7765,294 Laura Lakes Suite 025,Suite 009,Davidview,Michigan,53815,Brunei Darussalam,1984-07-18,2024-01-08
153,Christina,Medina,wcalhoun@example.org,743-852-8331x1724,81092 Samuel Summit,Apt. 994,Tatestad,Iowa,85448,Congo,1960-11-12,2021-04-06
154,Douglas,Hendrix,diana70@example.net,922.637.3466,61394 Patrick Springs Suite 095,Apt. 462,Markborough,Maryland,73585,Togo,1954-12-21,2020-07-05
155,Francis,Bishop,zjackson@example.net,001-806-345-1693,14012 Justin Groves Apt. 097,Suite 725,Caitlinburgh,North Dakota,50303,Latvia,1969-06-04,2022-09-24
156,Scott,Smith,katherinerandolph@example.net,365.371.7281x3934,181 Miranda Trafficway,Suite 272,Timothyland,Iowa,98329,Tokelau,1993-02-19,2020-09-26
157,Ashley,Knight,mackkatrina@example.com,001-425-760-8854x93418,004 Malone Brooks,Suite 389,West Josephburgh,Michigan,38577,Mali,1970-01-12,2022-01-05
158,Adriana,Joseph,kimberly27@example.org,556-545-7115,08126 Jaclyn Forest,Apt. 736,Lake Michaelbury,West Virginia,75205,Iraq,1993-04-21,2020-03-01
159,Amanda,Johnson,imartinez@example.com,(751)803-8646x781,123 Lindsey Court Suite 985,Apt. 294,Lake Timothy,West Virginia,46677,Saudi Arabia,1983-12-04,2023-07-16
160,Lisa,Bird,andresshaffer@example.com,(565)826-8963x0682,16302 Shawn Gardens,Apt. 502,Waltermouth,West Virginia,48391,United Kingdom,1972-08-08,2024-07-25
161,Mary,Brown,mcgeevicki@example.org,436.229.7143x09694,745 Alison Burgs,Suite 546,Gregoryhaven,Michigan,39787,Eritrea,1998-09-15,2020-08-06
162,Eric,Duran,brittanyjohnson@example.net,8067819920,188 William Ways Suite 569,Suite 254,West Misty,Utah,50965,Reunion,1964-07-23,2022-08-17
163,Eileen,Stein,scott63@example.org,(302)415-7616,7864 Cochran Fort,Suite 358,Port Nicoleport,North Dakota,38916,Macao,2003-11-26,2022-05-20
164,David,Pruitt,orrgabrielle@example.net,(559)790-7185x40356,92804 Martin Highway Suite 301,Suite 001,Lake Jasonborough,Florida,84659,Italy,1982-12-04,2023-10-03
165,Timothy,Estrada,mendozakatherine@example.net,001-352-913-6036x8934,7282 Victor Divide Apt. 412,Apt. 028,Port Meganbury,West Virginia,75771,Netherlands Antilles,1968-11-17,2023-07-03
166,Megan,Kennedy,andrew71@example.com,470-534-6815,74438 Mark Forks Apt. 012,Suite 663,New William,New Mexico,37837,Mexico,1962-10-02,2023-04-17
167,Cheryl,Lyons,flynch@example.com,001-571-465-3110,3480 Morgan Meadows,Apt. 609,New Hayley,West Virginia,23188,Moldova,1982-08-22,2021-11-15
168,Scott,Wallace,nbanks@example.net,647-795-7857,6658 Garner Squares Apt. 155,Apt. 453,Davisside,Kansas,33700,Maldives,1996-06-07,2021-10-16
169,William,Joyce,jonesjulie@example.org,442-518-4613,312 Moyer Ridges,Apt. 589,Gallegosfort,Vermont,99848,Syrian Arab Republic,1995-12-18,2020-07-04
170,Grace,Casey,jason00@example.org,(775)408-7547,912 Hall Tunnel,Suite 996,North Kim,South Carolina,55658,Greece,1953-09-17,2023-06-02
171,Bryan,Oneill,thomasho@example.net,639-673-2987x242,769 Cox Stream Apt. 497,Suite 551,Cantrellchester,New Hampshire,63585,Sudan,1959-06-26,2023-01-20
172,Jennifer,King,jessica31@example.com,653.442.8613x362,1800 Linda Lane Suite 345,Suite 864,East Barry,Ohio,04662,Cocos (Keeling) Islands,1992-04-09,2023-02-22
173,Brittney,Gibbs,hmartin@example.org,202-550-5334x60701,71110 Douglas Fort,Suite 272,Lake Dylanchester,Mississippi,88882,Qatar,1955-02-26,2023-06-25
174,Joanna,Gomez,barbara86@example.org,8036890947,94303 Ross Fork Apt. 172,Suite 372,West Lisatown,New York,43909,Saint Pierre and Miquelon,1960-09-26,2024-07-07
175,Melissa,Carrillo,kaitlyn03@example.org,+1-294-699-4414,66938 Smith Orchard,Apt. 026,Westview,Connecticut,12787,Netherlands Antilles,1996-11-17,2021-08-25
176,Danielle,Thompson,juan08@example.net,+1-776-841-6812,55288 Nichole Wells Apt. 855,Suite 185,North Robert,Oklahoma,33267,Brazil,2004-06-14,2024-02-05
177,Barbara,Barnes,mary98@example.net,(746)452-0362,0404 Ethan Tunnel Apt. 566,Apt. 475,Adrianland,New Hampshire,36275,Romania,1965-11-07,2020-03-11
178,Nicholas,Dunn,melissashelton@example.net,638.291.7190,4742 Kevin Plains Apt. 913,Suite 776,New Ryan,Indiana,62217,Niue,1988-07-31,2022-09-08
179,Steven,Huynh,elizabethgonzales@example.net,(711)500-4638x2831,664 Gonzalez Falls,Suite 054,Pereztown,Nebraska,22632,Poland,2001-05-04,2020-05-31
180,Gary,Green,hansenlori@example.org,952-520-2130,2713 Gabriela Radial,Apt. 734,Hallfort,Arkansas,34897,Solomon Islands,1978-11-18,2021-03-17
181,Robin,Brown,gregoryblackwell@example.net,(409)244-6664x11622,44778 Cynthia Cove Apt. 330,Suite 569,Webbberg,California,33601,Congo,1982-03-13,2020-06-05
182,Alan,Thomas,rowlandlisa@example.net,(995)895-0129,612 Smith Villages Suite 903,Apt. 582,Briggstown,Alabama,64571,Lebanon,1970-08-09,2023-08-17
183,Sarah,Rivera,tyler87@example.com,692.438.3348x236,865 Jimmy Isle Suite 869,Suite 052,East Carolyn,Minnesota,48276,Greenland,1995-03-26,2020-09-10
184,David,Rodriguez,william40@example.org,664.601.8991x2831,05650 Mary Mews,Suite 522,North Sue,Delaware,28857,Eritrea,1967-08-05,2020-09-09
185,Heather,Brooks,thomas47@example.com,(560)273-1708x2940,1047 Lyons Fields,Suite 745,Franciscoview,Arkansas,07945,Wallis and Futuna,1995-11-03,2024-01-18
186,Vicki,West,michael01@example.net,(486)747-5383x773,93417 Elliott Via Suite 992,Suite 630,Roberthaven,Kansas,64911,Philippines,1964-10-25,2020-02-29
187,Stuart,Huerta,wallacematthew@example.net,426-625-2449x366,49186 Scott Highway Suite 457,Apt. 425,West Mark,West Virginia,65331,Niue,1960-08-25,2022-02-22
188,Christopher,Harper,byrdtroy@example.com,+1-496-895-6788x2659,5469 Jennifer Lodge Apt. 338,Apt. 814,New Dean,Arkansas,40072,Tunisia,1984-09-16,2023-05-20
189,Brian,Bryan,lyonsjimmy@example.org,711-786-4953x246,0720 Bennett Junction Suite 759,Apt. 177,East William,Wisconsin,26682,Chile,1993-10-03,2022-07-31
190,Tammy,Phillips,nicolelindsey@example.com,4565313453,43320 Diane Cove,Apt. 529,Lake Alexisburgh,Texas,14239,Ukraine,1957-10-23,2020-12-09
191,Matthew,Wilson,doriscarson@example.net,465-447-1543x623,012 Charles Haven Suite 986,Suite 876,West Christopherfort,Tennessee,50782,Gibraltar,1958-05-10,2021-01-09
192,Troy,Vasquez,ortiztom@example.org,(396)613-6903,85746 Wallace Underpass Apt. 964,Suite 022,Hollyfort,Alaska,50872,Antigua and Barbuda,1968-09-04,2020-04-29
193,Joseph,Harrington,mitchellbailey@example.com,001-522-775-4229,91383 Brandy Crossroad,Suite 325,Port Maryhaven,Virginia,96589,Suriname,1968-12-19,2020-12-15
194,Victoria,Ward,frederickaudrey@example.org,001-613-599-0702x115,0769 Andrea Prairie Apt. 306,Suite 698,North Rose,Oklahoma,21036,Saint Pierre and Miquelon,1968-01-27,2023-10-01
195,Kenneth,Zhang,sherryclayton@example.org,001-773-292-2339x627,09104 Kari Track,Suite 773,Stephanieberg,Nebraska,85386,Trinidad and Tobago,1985-05-20,2021-07-27
196,Julie,Ramirez,kcox@example.net,+1-897-702-1026,4541 Bryant Manors,Suite 004,Daytown,Massachusetts,40395,Suriname,1970-07-26,2020-04-15
197,Vanessa,Wilson,abrown@example.org,357-316-8704x03643,7091 James Plains,Apt. 399,South Traci,New York,28501,Costa Rica,1959-08-16,2023-04-03
198,Nicholas,Johnson,cynthiabrooks@example.com,319.296.6606,973 Jennifer Trafficway Apt. 155,Suite 906,New Dawn,Massachusetts,23227,Thailand,1957-11-29,2024-05-30
199,Tammy,Pollard,jimenezdaniel@example.org,682-707-6695x506,85520 Le Branch,Apt. 308,Schmittberg,Illinois,25119,Japan,1992-12-06,2021-12-23
200,James,Martinez,harrislucas@example.org,549.275.4236x83948,11619 Beth Island Apt. 143,Suite 246,East Lauraborough,Montana,46274,Norfolk Island,1975-06-03,2023-05-09
201,Andrew,Thomas,perezandrea@example.com,681-944-4691x306,6635 Christopher Track Suite 023,Apt. 240,Hannahport,Texas,45082,Russian Federation,1984-12-31,2023-07-11
202,Debra,Ashley,victoria96@example.com,(522)997-3175x39808,380 Angela Causeway,Apt. 025,Alanburgh,Georgia,48442,Solomon Islands,1985-04-09,2021-12-21
203,Ryan,Barber,deannagrant@example.net,(620)461-6230x38386,043 Kenneth Divide,Apt. 381,West Paigemouth,Alaska,12989,Albania,1985-06-28,2024-05-25
204,Larry,Watts,frankcollins@example.com,4792711346,33655 Lewis Walks,Apt. 346,Port Laura,Indiana,25343,Iceland,1984-04-29,2020-11-21
205,Tammy,Anderson,cperry@example.com,5357994972,671 Diane Plains Suite 292,Apt. 427,Howardport,Wyoming,28522,New Caledonia,1991-05-07,2024-02-25
206,Anthony,Rivera,sgarrison@example.org,964.773.9088x19204,551 Sean Plains Apt. 478,Apt. 701,Ortizborough,Pennsylvania,18701,Andorra,1965-06-27,2024-03-09
207,Mary,Santos,andrew02@example.com,940.363.8277x46381,8723 Robert Heights,Suite 296,East Victorport,Hawaii,68384,Saint Pierre and Miquelon,1987-02-16,2024-08-02
208,Carolyn,Stein,ferrellallison@example.com,4677419729,234 Cross Flat Apt. 351,Apt. 432,Millerfort,Oklahoma,74608,Greece,1981-09-25,2021-02-06
209,Steven,Alexander,flowerszachary@example.net,(487)281-1490x165,43326 Christina Summit Apt. 178,Apt. 873,New Shellyfort,Maryland,59241,Belgium,1974-05-16,2020-01-06
210,Sheri,Garcia,etran@example.com,801.432.2759x6190,309 Jeremy Forest Suite 497,Apt. 365,Fraziertown,Hawaii,65785,Turks and Caicos Islands,1967-08-06,2021-06-21
211,Wendy,Lopez,terri53@example.org,8672519931,4187 Melanie Lodge,Apt. 580,East Robert,West Virginia,65517,New Caledonia,1979-06-27,2020-10-20
212,Jennifer,Benson,jacquelinecooper@example.org,6718698367,831 Alicia Glen Apt. 763,Apt. 138,South Patriciamouth,Indiana,05289,Russian Federation,1958-01-24,2024-07-08
213,Jonathan,Bradley,graytaylor@example.org,250-975-0217x6147,116 Molina Forge Suite 391,Apt. 129,Johnstonville,Alabama,50567,Antigua and Barbuda,1957-10-14,2022-07-07
214,Holly,Garrett,ocordova@example.com,+1-521-954-7055,169 Orr Rapid Suite 515,Apt. 695,New Sandrabury,Idaho,47788,Somalia,1968-02-20,2020-04-28
215,Veronica,Singleton,nancy49@example.org,324-751-7652x78314,7036 Leah Neck Suite 451,Apt. 980,Wangshire,Alaska,27781,Austria,1980-03-27,2021-10-20
216,Denise,Allen,jamessmith@example.org,986.219.5128x189,9875 Daniel Burgs,Suite 360,Martinezberg,Maine,92121,British Virgin Islands,1960-10-22,2023-11-25
217,Margaret,Hernandez,waltertracy@example.net,001-677-920-5449,374 James Port,Apt. 708,Port Chris,Maryland,74319,Fiji,1985-08-24,2020-09-21
218,Michael,Cameron,cooksandra@example.net,(629)988-3387x247,61424 Darrell Lock Apt. 776,Suite 285,Lake John,Mississippi,70203,Panama,1971-07-22,2021-07-23
219,Brenda,Byrd,charles14@example.net,+1-243-706-1212x75938,54866 Mullins Branch,Apt. 013,Kristaville,Maine,53645,Macao,1970-11-19,2024-01-31
220,Michael,Ward,mwright@example.org,543.410.4160x937,47915 Blanchard Points Suite 050,Apt. 672,East Kelly,Tennessee,81798,Saudi Arabia,1973-05-13,2024-04-18
221,Tommy,Baker,zacharymurphy@example.net,7466498915,0346 Wallace Stream Apt. 534,Suite 047,Davisfort,Tennessee,67403,Australia,1991-05-08,2023-08-06
222,Greg,Berry,shawgeorge@example.org,814-354-8581,81873 Cole Camp,Apt. 743,Port Ryanton,West Virginia,06603,Israel,1993-11-02,2022-12-08
223,Danielle,Robinson,stevenschmidt@example.org,685-631-6309x4913,748 Cook Mountain,Suite 653,North Scotthaven,West Virginia,73115,Western Sahara,1983-10-04,2022-04-17
224,Jorge,Murray,davidsonmaria@example.com,001-321-263-4460x78107,91031 Singleton Rapid Suite 518,Apt. 626,South Ebony,Virginia,48429,Kiribati,1960-09-16,2022-01-28
225,Evelyn,Watts,oguerra@example.org,251.295.2761x029,40336 Meredith Station,Suite 874,Lake Roberttown,Nebraska,65526,Estonia,1977-10-16,2022-12-12
226,Thomas,Bailey,kelly56@example.com,379-449-1026x22613,863 Walker Isle Suite 836,Suite 386,East Teresa,Florida,46531,Senegal,1987-02-23,2020-05-14
227,Heather,Hester,nicolegonzalez@example.org,+1-493-303-1826,7232 Wolfe Ports Suite 127,Apt. 425,Carolinehaven,Florida,26802,Mozambique,1999-06-15,2021-09-29
228,Nicholas,Gordon,alexandersteele@example.org,+1-978-990-7197x57597,75442 Erin Mountain,Suite 664,Smithchester,Ohio,45686,Belize,1985-11-07,2022-12-31
229,Teresa,Carter,mblair@example.net,001-563-737-8110x852,4617 Chandler Row Suite 151,Suite 870,New Tammybury,Rhode Island,61319,Myanmar,1996-05-01,2023-03-29
230,Harry,Soto,ymeyers@example.net,889-326-4031,1865 Taylor Trail Apt. 570,Suite 677,East Desiree,Delaware,11285,Gibraltar,1961-08-10,2024-05-09
231,Barry,Palmer,longrichard@example.com,588.993.6503,04749 Aaron Course,Suite 036,West Andrew,New Hampshire,75178,Antigua and Barbuda,1976-04-20,2022-02-05
232,James,Ashley,wwalker@example.net,(967)469-9780x3872,8666 Sherry Stream,Apt. 013,Tiffanyberg,Georgia,08625,Brunei Darussalam,1992-01-22,2020-09-21
233,Jane,Martinez,alexanderdillon@example.org,4597338624,7732 Marc Vista Suite 069,Apt. 017,East Calvinport,Arkansas,05227,Thailand,1993-01-21,2024-05-31
234,Gabriella,Hodges,sanchezkaren@example.net,3559988459,56279 Molina Key,Suite 856,Barnettchester,Idaho,02209,Ecuador,1955-03-29,2021-09-23
235,Colleen,Farley,haysjoshua@example.com,+1-609-685-7927x4239,40435 John Summit Suite 742,Suite 610,Reyesmouth,Iowa,28601,United Kingdom,1999-02-23,2021-07-17
236,Katherine,Long,sandrapearson@example.com,+1-223-619-6810x80979,858 Richard Rapids Suite 081,Apt. 864,Lewisburgh,Wisconsin,53356,British Virgin Islands,1986-06-06,2022-01-12
237,Karen,Brown,julia02@example.net,837-717-3873x847,95557 Jackson Junctions,Suite 261,North Tamiton,North Dakota,58760,Poland,1959-11-19,2022-04-03
238,Katie,Turner,ritterjoseph@example.net,+1-526-679-2458x168,964 Kimberly Overpass,Suite 809,North Jessicaside,Michigan,64022,Uruguay,2002-02-09,2023-08-28
239,Jennifer,Valenzuela,carrollsteven@example.net,+1-882-479-6922x9862,78808 Patrick Parkway,Suite 745,Lake Bradley,Tennessee,41567,Fiji,1967-04-14,2024-03-25
240,Nicole,Moody,watsoncheryl@example.net,577-456-7360,570 Barnett Cliffs Apt. 231,Apt. 155,Karlahaven,Pennsylvania,73864,Senegal,1985-12-21,2023-09-13
241,Molly,Martinez,luis90@example.org,(678)856-9483,3134 Figueroa Radial,Suite 983,South Cassandra,Virginia,67207,Indonesia,2004-05-21,2024-05-12
242,Mark,Sandoval,kathryn86@example.net,442-760-1145x948,699 Christopher Stravenue Apt. 291,Apt. 751,South Thomas,Mississippi,69765,Madagascar,1992-03-07,2022-11-08
243,Anthony,Stevenson,wilsonjerome@example.org,001-359-817-2674x196,533 Buchanan Fields Suite 983,Apt. 331,New Brian,North Dakota,51496,Guinea,1970-11-02,2022-10-27
244,Michael,Williams,johnsonstephen@example.com,+1-938-380-5625x848,6150 Eddie Mews Suite 155,Apt. 878,Brewerland,Kentucky,89818,Hungary,1968-07-19,2022-01-16
245,Alexander,Lee,arthur66@example.com,001-827-204-8237x9567,42249 Corey Drive Suite 965,Apt. 028,Lake Dianetown,Minnesota,23574,Kenya,1980-11-29,2024-04-17
246,Nicholas,Garza,michelleyoung@example.com,334-837-1843,2395 Priscilla Hill,Suite 502,New Jessicamouth,Nebraska,83409,Isle of Man,1997-12-28,2022-08-23
247,Tiffany,Rodriguez,shelbyhooper@example.org,+1-882-507-4072x38421,137 Steven Trace,Suite 730,West John,Colorado,10785,El Salvador,1992-06-19,2024-03-20
248,Linda,Collier,leah95@example.org,408.416.9539,30821 Debra Loaf,Suite 389,South Shannonland,Florida,02859,United States Virgin Islands,1991-03-27,2021-05-03
249,Paul,Sanchez,carolynhayes@example.net,862.432.7654x17514,9780 Obrien Flat,Apt. 456,Harrisfurt,Missouri,56900,Kenya,1985-04-14,2023-07-16
250,Andrew,Stanley,rshelton@example.org,+1-844-316-4644,871 Nunez Landing Apt. 497,Apt. 414,Kelleyland,Florida,34942,Senegal,1973-12-14,2022-01-13
251,Cynthia,Murray,michael16@example.org,223.715.0772x62345,7955 Turner Spring,Suite 340,Johnland,Maine,48512,Cuba,1969-05-18,2022-05-05
252,Alicia,Johnson,heatherdavis@example.com,+1-394-638-9438x8281,0547 Hines Streets Suite 879,Apt. 338,Port Sarashire,Iowa,74171,Djibouti,1993-05-02,2020-12-21
253,Sarah,Wilcox,jenningshailey@example.com,447-224-2862x76794,04897 Zachary Mill Apt. 934,Suite 312,Hughesmouth,Washington,98139,Denmark,1967-05-03,2022-07-17
254,Jessica,Atkins,kaylafigueroa@example.com,001-484-896-9686,7355 Hughes Mount,Apt. 139,Hallfurt,Maine,66856,San Marino,1955-05-09,2023-05-16
255,Daniel,Mullins,maureenpacheco@example.com,+1-526-418-4178,977 Jessica Port Apt. 248,Suite 430,West Eileenborough,Wyoming,52929,Macao,1957-10-19,2020-03-03
256,Ryan,Ayala,aaron88@example.com,592-246-3710,71177 Mcclure Run,Suite 107,Zacharyshire,New Jersey,06162,Ghana,1956-02-18,2024-02-03
257,Brian,Patel,dalelittle@example.com,800-861-7999x1190,398 Brianna Corners Suite 292,Apt. 620,Larsenchester,Maryland,07971,Seychelles,2000-01-08,2021-02-27
258,Edward,Nguyen,daniel09@example.net,5853545593,313 Marsh Parkways Suite 937,Suite 353,North Jennifer,North Dakota,29412,Norway,1977-10-17,2020-04-21
259,Alexis,Garcia,beckheather@example.org,(447)568-1206x13839,004 Spence Stravenue Suite 885,Apt. 602,Matthewtown,Texas,93094,Falkland Islands (Malvinas),1956-07-10,2021-03-27
260,Patrick,Zamora,rodneyjohnson@example.net,769.755.9994,31534 Mary Views,Suite 518,Port Leah,Texas,09319,Solomon Islands,1963-05-15,2024-04-29
261,Sarah,Smith,wilsonlinda@example.net,+1-524-730-0682x868,601 Teresa Shores,Suite 115,Williambury,Mississippi,45006,Taiwan,1964-01-13,2022-08-05
262,James,Ellis,aprilbuchanan@example.com,696.843.8151x066,80104 Williams Point Suite 571,Apt. 703,South Jamesside,Tennessee,58637,Guernsey,1992-02-22,2022-05-05
263,Jacqueline,Vargas,sara51@example.net,584-782-4678x2407,584 Brian Way Suite 605,Suite 215,East Teresa,Wisconsin,60956,Guadeloupe,1979-12-06,2023-12-04
264,Devin,Moreno,bhernandez@example.net,(646)524-9106x08864,8563 Rivera Brooks Apt. 993,Apt. 374,Port Aprilborough,North Dakota,61425,Kiribati,1992-12-23,2021-02-24
265,Shelby,Sanchez,maryduffy@example.net,+1-914-479-7801,2222 Amanda Pass Apt. 646,Suite 095,East Christina,Florida,37723,Taiwan,1992-06-24,2023-09-24
266,Thomas,Wilson,katherine69@example.net,(418)905-1030,2993 Samantha Viaduct,Apt. 989,Donnaton,Arizona,93372,Timor-Leste,1953-08-28,2022-04-08
267,Carlos,Lewis,smithtina@example.org,929.621.7809,3423 Joanne Manor,Apt. 377,South Feliciaview,North Carolina,53345,Somalia,1963-07-24,2021-05-10
268,Samuel,Crane,simonrachael@example.com,689.403.5701x59265,840 Brown Groves,Apt. 811,Jacobstad,Hawaii,74681,Nepal,1976-08-22,2023-09-19
269,Rebekah,Acosta,palmerkaren@example.org,(381)631-0352x3876,51416 Edwin Extensions Suite 356,Suite 239,West Neilfurt,Mississippi,35242,Korea,1981-08-31,2022-03-05
270,David,Frye,nicole20@example.net,+1-721-256-2018,233 Erica Valley Apt. 369,Suite 589,Michaelstad,North Dakota,64942,Georgia,1958-11-19,2020-07-04
271,Mark,Terry,starkrussell@example.net,(956)476-1867,5490 Barbara Fords,Apt. 596,South Joshuafurt,Indiana,63465,Afghanistan,1986-03-16,2023-02-06
272,James,Rodriguez,wtucker@example.com,001-854-894-1617,726 Chen Port Apt. 818,Apt. 041,West Thomas,California,19807,Netherlands,1999-05-24,2022-09-04
273,Patricia,Rowe,william77@example.org,(301)392-0011x023,89595 Derek Walks Suite 011,Apt. 420,North Christopher,Virginia,95763,Sri Lanka,2001-08-15,2021-09-04
274,Matthew,Torres,smithmelissa@example.org,(406)370-3132x2065,802 Smith Estates,Apt. 161,Spearstown,New Hampshire,22687,Western Sahara,1985-05-17,2023-07-13
275,Jillian,Santos,michealjohnson@example.net,394-352-1901,706 Cheryl Unions,Suite 001,Patriciamouth,Kentucky,45752,Kyrgyz Republic,1994-07-25,2022-08-03
276,Katie,Myers,lopezamanda@example.com,239.539.8122x06980,33679 Bishop Estates Apt. 244,Suite 240,Port Michael,Texas,79709,Panama,1977-04-22,2022-10-29
277,Brandi,Trujillo,stephen33@example.org,(502)921-1467,4069 Armstrong Inlet Apt. 306,Suite 331,Natalieburgh,Minnesota,78560,Cook Islands,1966-07-28,2022-08-12
278,Kristin,Ryan,joshua40@example.net,454-900-3777,3202 Shelby Viaduct,Apt. 060,Molinamouth,Wisconsin,18731,Cayman Islands,1965-05-25,2021-01-18
279,David,Berry,kylewilson@example.net,647.892.0595x17627,85939 Gabrielle Walk,Suite 929,Lake Matthewville,Wisconsin,73670,Ethiopia,1966-02-14,2020-11-03
280,Jamie,Edwards,yhenderson@example.net,001-969-501-6937,45318 Hampton Ridge,Suite 787,Katherinestad,Colorado,27175,Sao Tome and Principe,1990-11-07,2022-06-23
281,Adam,Williams,aaronroberson@example.org,+1-243-823-0288x2433,816 Brian Islands,Apt. 119,Websterfurt,Pennsylvania,59224,Kuwait,1970-02-20,2022-06-07
282,Michael,Gardner,aburton@example.com,(931)538-9935,557 Jessica Shoals,Suite 806,Debraville,North Carolina,57226,San Marino,2004-08-06,2021-04-20
283,David,Smith,zbailey@example.org,225-636-0909x11088,52218 Marie Ridges Apt. 783,Suite 129,West Robert,Minnesota,11332,Aruba,1972-12-14,2020-09-13
284,Christina,Ford,robertsivan@example.net,(391)397-4996x646,3672 Cross Lodge,Suite 791,New Davidland,Nevada,27257,Myanmar,1971-03-31,2023-10-10
285,Jason,Gray,omarsalinas@example.net,3468179384,99901 Jones Mount,Apt. 833,Joshuamouth,Arizona,19331,British Virgin Islands,1981-07-31,2022-01-18
286,Carla,Carpenter,mariemitchell@example.net,7138740073,027 Bennett Bypass,Suite 994,South Andrewfort,New York,22649,Malaysia,1977-08-07,2023-01-13
287,Beth,Morton,zford@example.net,946.627.6920x631,31442 Carla Cliffs Apt. 547,Apt. 470,Port Vanessafort,Georgia,25687,Singapore,1961-09-06,2021-03-27
288,Dustin,Tate,wellis@example.net,683.895.1985,26982 Miranda Islands,Apt. 204,Henrymouth,Florida,79972,Chile,1963-03-02,2021-01-15
289,Brenda,Wilson,kellyjeffrey@example.net,(491)634-3972x5497,7409 Sweeney Glens,Apt. 384,West Heatherside,Alabama,21566,Bulgaria,1965-12-01,2021-03-06
290,Kathryn,Mata,mary46@example.net,001-308-233-1613x9126,82370 Anthony Parkways Suite 285,Apt. 558,Port Maria,Illinois,27058,Luxembourg,2002-03-20,2024-06-04
291,Ronald,Long,mark13@example.net,001-675-727-5167x251,79365 Penny Squares,Apt. 240,Richardsonmouth,Rhode Island,38274,United Kingdom,2001-06-16,2020-06-06
292,Trevor,West,kellydaniel@example.org,(805)739-3651x15446,599 Young Parks Suite 480,Apt. 527,Sarahberg,South Carolina,15719,Madagascar,1982-02-04,2023-01-10
293,Jennifer,Hughes,jeremymartinez@example.com,+1-372-717-7785x5405,30564 Jones Plains,Suite 109,New Kelly,Pennsylvania,58500,Cayman Islands,1977-07-30,2023-03-08
294,Robert,Lopez,sellersjoe@example.net,(596)690-0552,022 Dennis Causeway Apt. 298,Suite 305,Youngbury,Oklahoma,64924,Pakistan,1992-06-29,2021-12-19
295,Cynthia,Fernandez,cummingssierra@example.com,+1-659-258-7977x07305,975 Ramos Groves Suite 321,Apt. 811,North Vanessamouth,New Jersey,48928,Afghanistan,1985-08-10,2023-06-14
296,Louis,Osborne,pgarcia@example.net,+1-835-953-4492x080,28264 Perry Loaf Apt. 401,Apt. 499,North Devin,Alabama,86127,Honduras,1981-08-19,2021-12-27
297,Stephen,Rodriguez,fred21@example.org,356-562-3756x15112,2032 Marc Pines Apt. 775,Suite 794,New Jamesview,Idaho,75463,French Guiana,2004-08-09,2021-10-06
298,Kelly,Long,taylorrita@example.com,+1-965-599-1801,29470 Rodriguez Junctions,Suite 733,Williamsview,Montana,53072,Puerto Rico,1968-07-20,2020-06-09
299,Mariah,Jones,zfisher@example.com,+1-563-474-4881,200 Steven Glens,Suite 433,Port Jennaville,Kentucky,76548,Oman,1978-01-06,2023-12-13
300,Katherine,Caldwell,xcontreras@example.org,001-594-830-8212,69756 Leslie Rapids,Apt. 034,West Michaelstad,Texas,47269,Suriname,1990-12-30,2021-06-27
